,train,val
means,"[0.6409024596214294, 0.6051327586174011, 0.5393389463424683]","[0.6516293287277222, 0.6184602975845337, 0.5623787641525269]"
stds,"[0.22141143679618835, 0.2275301069021225, 0.23847660422325134]","[0.2017308473587036, 0.2116180956363678, 0.2196238487958908]"
