,train,val
means,"[0.6553592085838318, 0.6216495633125305, 0.5550151467323303]","[0.6516293287277222, 0.6184602975845337, 0.5623787641525269]"
stds,"[0.20731675624847412, 0.21543022990226746, 0.22933389246463776]","[0.2017308473587036, 0.2116180956363678, 0.2196238487958908]"
